INSERT INTO race.Tournament (Id, Name, StartDate, RaceCount)
VALUES 
    ('00000000-0000-0000-0000-000000000001', 'Test Tournament 1', GETDATE(), 1),
    ('00000000-0000-0000-0000-000000000002', 'Test Tournament 2', GETDATE(), 1),
    ('00000000-0000-0000-0000-000000000003', 'Test Tournament 3', GETDATE(), 5),
    ('00000000-0000-0000-0000-000000000004', 'Test Tournament 4', GETDATE(), 5),
    ('00000000-0000-0000-0000-000000000005', 'Test Tournament 5', GETDATE(), 10),
    ('00000000-0000-0000-0000-000000000006', 'Test Tournament 6', GETDATE(), 10)

INSERT INTO race.Race (Id, TournamentId, Track, RaceDate,Laps)
VALUES
    ('00000000-0000-0000-0000-000000000001','00000000-0000-0000-0000-000000000002', 'Track1', GETDATE(), 1),
    ('00000000-0000-0000-0000-000000000002','00000000-0000-0000-0000-000000000004', 'Track2', GETDATE(), 1),
    ('00000000-0000-0000-0000-000000000003','00000000-0000-0000-0000-000000000004', 'Track3', GETDATE(), 1),
    ('00000000-0000-0000-0000-000000000004','00000000-0000-0000-0000-000000000004', 'Track4', GETDATE(), 1),
    ('00000000-0000-0000-0000-000000000005','00000000-0000-0000-0000-000000000004', 'Track5', GETDATE(), 1),
    ('00000000-0000-0000-0000-000000000006','00000000-0000-0000-0000-000000000004', 'Track6', GETDATE(), 1),
    ('00000000-0000-0000-0000-000000000007','00000000-0000-0000-0000-000000000006', 'Track7', GETDATE(), 1),
    ('00000000-0000-0000-0000-000000000008','00000000-0000-0000-0000-000000000006', 'Track8', GETDATE(), 1),
    ('00000000-0000-0000-0000-000000000009','00000000-0000-0000-0000-000000000006', 'Track9', GETDATE(), 1),
    ('00000000-0000-0000-0000-000000000010','00000000-0000-0000-0000-000000000006', 'Track10', GETDATE(), 1),
    ('00000000-0000-0000-0000-000000000011','00000000-0000-0000-0000-000000000006', 'Track11', GETDATE(), 1),
    ('00000000-0000-0000-0000-000000000012','00000000-0000-0000-0000-000000000006', 'Track12', GETDATE(), 1),
    ('00000000-0000-0000-0000-000000000013','00000000-0000-0000-0000-000000000006', 'Track13', GETDATE(), 1),
    ('00000000-0000-0000-0000-000000000014','00000000-0000-0000-0000-000000000006', 'Track14', GETDATE(), 1),
    ('00000000-0000-0000-0000-000000000015','00000000-0000-0000-0000-000000000006', 'Track15', GETDATE(), 1),
    ('00000000-0000-0000-0000-000000000016','00000000-0000-0000-0000-000000000006', 'Track16', GETDATE(), 1)

INSERT INTO race.Racer (Id, Name)
VALUES
    ('00000000-0000-0000-0000-000000000001','Adam'),
    ('00000000-0000-0000-0000-000000000002','Molly'),
    ('00000000-0000-0000-0000-000000000003','Han'),
    ('00000000-0000-0000-0000-000000000004','Collin'),
    ('00000000-0000-0000-0000-000000000005','Dylon'),
    ('00000000-0000-0000-0000-000000000006','Chewy'),
    ('00000000-0000-0000-0000-000000000007','Vincent'),
    ('00000000-0000-0000-0000-000000000008','Elizabeth'),
    ('00000000-0000-0000-0000-000000000009','Taylor'),
    ('00000000-0000-0000-0000-000000000010','Stone'),
    ('00000000-0000-0000-0000-000000000011','Sheldon'),
    ('00000000-0000-0000-0000-000000000012','Leonard'),
    ('00000000-0000-0000-0000-000000000013','Howard'),
    ('00000000-0000-0000-0000-000000000014','Raj')

INSERT INTO race.Turn (Id, TurnNumber, RacerId, RaceId, Lap, Speed, Gear, StartPosition, EndPosition, Tire, Brakes, Transmission, Body, Engine, Handling)
VALUES
    ('00000000-0000-0000-0000-000000000001',1,'00000000-0000-0000-0000-000000000001','00000000-0000-0000-0000-000000000001',1,10,1,1,1,6,3,3,3,3,2)

-- DELETE FROM race.Tournament

SELECT * FROM race.Tournament
SELECT * FROM race.Race
SELECT * FROM race.Racer

